ID,PC1,PC2,Sex,Assay,Date,DaysSinceMay15,Time,Temp,Humidity,Observer,DaysSinceEmerge
10,-0.987951726,0.413348618,M,1,5/17/2021,2,847,18.1,67,AMR,1
1,-0.629829238,-0.274922742,M,1,5/17/2021,2,850,18.1,67,AMR,1
2,-0.452964103,-0.416801635,M,1,5/17/2021,2,852,18.1,67,AMR,1
3,0.124432366,-0.70840398,M,1,5/17/2021,2,856,18.1,67,AMR,1
4,-0.42878294,0.525770804,M,1,5/17/2021,2,861,18.1,66,AMR,1
6,-0.116561085,-0.715577289,M,1,5/17/2021,2,867,18.1,66,AMR,1
5,1.980475064,-0.452604195,M,1,5/17/2021,2,869,18.1,66,AMR,1
23,-0.369503981,-0.747865984,M,1,5/17/2021,2,936,18.4,67,AMR,0
14,-0.232079802,-0.673033462,M,1,5/17/2021,2,943,18.5,67,AMR,0
24,-0.40495808,-0.665445722,M,1,5/17/2021,2,949,18.5,67,AMR,0
20,-0.09684617,-0.609938575,M,1,5/17/2021,2,1009,18.8,66,AMR,0
26,0.027423606,-0.177543019,M,1,5/17/2021,2,1012,18.8,66,AMR,0
15,-1.760964909,1.991584884,M,1,5/17/2021,2,1016,18.8,67,AMR,0
57,-1.903372659,2.084616302,M,1,5/18/2021,3,682,18,74,AMR,1
58,-1.764546405,1.855653615,M,1,5/18/2021,3,687,17.9,74,AMR,1
59,-1.825695705,2.033871892,M,1,5/18/2021,3,693,17.9,74,AMR,1
60,-0.131303555,-0.5610911,M,1,5/18/2021,3,698,18,74,AMR,1
61,-1.232143564,0.855999305,M,1,5/18/2021,3,700,18.1,74,AMR,1
62,-0.640804221,0.52236677,M,1,5/18/2021,3,704,18.1,74,AMR,1
52,-0.279680464,-0.694611797,M,1,5/18/2021,3,737,18.4,73,AMR,1
53,-0.155016453,-0.104449819,M,1,5/18/2021,3,739,18.4,73,AMR,1
54,-0.720255234,-0.136837719,M,1,5/18/2021,3,741,18.4,73,AMR,1
55,-1.799803387,2.016957089,M,1,5/18/2021,3,743,18.4,73,AMR,1
56,-1.126603115,1.577172203,M,1,5/18/2021,3,750,18.4,73,AMR,1
69,-0.477465472,-0.275693198,M,1,5/18/2021,3,909,20,74,AMR,1
70,-0.589994047,-0.333867735,M,1,5/18/2021,3,911,20,74,AMR,1
71,-0.694165798,-0.074869312,M,1,5/18/2021,3,912,20.1,74,AMR,1
72,-1.8904265,2.0761589,M,1,5/18/2021,3,914,20.1,73,AMR,1
73,-1.368582154,1.175582838,M,1,5/18/2021,3,920,20.1,73,AMR,1
74,-0.466512741,-0.217005023,M,1,5/18/2021,3,924,20.1,73,AMR,1
80,-1.8904265,2.0761589,M,1,5/18/2021,3,926,20.2,73,AMR,1
81,-1.503224434,1.349137584,M,1,5/18/2021,3,932,20.2,73,AMR,1
82,0.945283981,0.339235128,M,1,5/18/2021,3,936,20.2,73,AMR,1
63,-0.372691241,-0.726030831,M,1,5/18/2021,3,1175,21.9,72,AMR,1
64,-0.357751654,-0.801633809,M,1,5/18/2021,3,1176,21.9,72,AMR,1
65,-1.8904265,2.0761589,M,1,5/18/2021,3,1177,21.9,72,AMR,1
66,-0.306766614,-0.723007417,M,1,5/18/2021,3,1182,21.9,72,AMR,1
67,-0.721251948,-0.103264931,M,1,5/18/2021,3,1184,21.9,72,AMR,1
68,-1.451439797,1.315307978,M,1,5/18/2021,3,1187,21.9,72,AMR,1
78,-0.630639961,0.265522101,M,1,5/18/2021,3,1191,21.9,72,AMR,1
77,-0.278092397,-0.491534952,M,1,5/18/2021,3,1194,21.9,72,AMR,1
79,0.409422731,0.040394081,M,1,5/18/2021,3,1196,21.9,72,AMR,1
76,-0.103626052,-0.296045847,M,1,5/18/2021,3,1200,22,72,AMR,1
97,1.322227525,0.439712051,M,1,5/18/2021,3,1202,22,72,AMR,1
95,1.980475064,-0.452604195,M,1,5/18/2021,3,1207,22,72,AMR,1
93,0.198731516,-0.552129279,M,1,5/18/2021,3,1212,22,72,AMR,1
75,1.123049548,-0.221686165,M,1,5/18/2021,3,1217,21.9,72,AMR,1
96,-0.173723528,-0.671650164,M,1,5/18/2021,3,1222,21.9,72,AMR,1
90,-0.587617509,0.184741954,M,1,5/18/2021,3,1224,21.9,72,AMR,1
94,-1.163251046,1.614282042,M,1,5/18/2021,3,1227,21.9,72,AMR,1
91,-0.386831232,-0.762883853,M,1,5/18/2021,3,1232,21.9,72,AMR,1
92,-1.564570851,1.44847265,M,1,5/18/2021,3,1234,21.9,72,AMR,1
84,2.177594175,0.254682648,M,1,5/18/2021,3,1237,21.9,72,AMR,1
18,-0.98576118,0.425086252,M,1,5/18/2021,3,967,25.3,57,SK,1
17,-0.037690299,-0.721011276,M,1,5/18/2021,3,972,25.4,55,SK,1
13,0.284561603,-0.628651108,M,1,5/18/2021,3,977,25.4,55,SK,1
11,-0.062388785,-0.65878605,M,1,5/18/2021,3,986,25.5,55,SK,1
30,1.579144132,-0.190424744,M,1,5/18/2021,3,995,25.5,54,SK,1
49,-0.256372927,-0.881030657,M,1,5/18/2021,3,1005,25.6,52,SK,1
47,0.076020982,-0.189537472,M,1,5/18/2021,3,1040,26,52,SK,1
45,-1.256064705,1.661746219,M,1,5/18/2021,3,1048,26,52,SK,1
35,-0.495384076,-0.527360699,M,1,5/18/2021,3,1056,26.2,52,SK,1
19,0.483726434,-0.49538723,M,1,5/18/2021,3,1059,26.2,52,SK,1
28,1.309071102,-0.158848096,M,1,5/18/2021,3,1064,26.3,52,SK,1
43,0.384527128,0.023736097,M,1,5/18/2021,3,1075,26.3,51,SK,1
21,-0.319846987,0.876002916,M,1,5/18/2021,3,1084,26.3,51,SK,1
39,0.180598095,-0.718758317,M,1,5/18/2021,3,1105,26,49,SK,1
51,-0.994523364,0.378135713,M,1,5/18/2021,3,1109,26,49,SK,1
29,0.044564866,-0.669397205,M,1,5/18/2021,3,1111,25.9,49,SK,1
42,-0.194479661,0.968239283,M,1,5/18/2021,3,1117,25.9,49,SK,1
31,0.451842704,0.150953145,M,1,5/18/2021,3,1125,26,49,SK,1
37,-0.341618234,-0.831926364,M,1,5/18/2021,3,1130,25.9,49,SK,1
25,-0.04128292,-0.428953702,M,1,5/18/2021,3,1132,26,49,SK,1
46,-0.270118683,-0.760117256,M,1,5/18/2021,3,1136,26,49,SK,1
41,-1.06266079,1.21935235,M,1,5/18/2021,3,1138,26.1,49,SK,1
40,0.737666044,-0.496671323,M,1,5/18/2021,3,1164,25.7,49,SK,1
32,-0.331859336,-0.818548612,M,1,5/18/2021,3,1170,25.8,49,SK,1
27,-0.660541388,1.272705743,M,1,5/18/2021,3,1172,25.8,50,SK,1
36,-0.18268283,-0.797483915,M,1,5/18/2021,3,1180,25.7,49,SK,1
22,0.779089303,-0.352539471,M,1,5/18/2021,3,1182,25.7,50,SK,1
16,0.293126669,-0.66058378,M,1,5/18/2021,3,1187,25.7,50,SK,1
33,-1.469566645,1.412746109,M,1,5/18/2021,3,1204,25.2,51,SK,1
48,-0.207381316,-0.735258689,M,1,5/18/2021,3,1209,25.2,51,SK,1
38,-0.345605091,-0.697635212,M,1,5/18/2021,3,1212,25.2,52,SK,1
12,0.102910014,-0.240025064,M,1,5/18/2021,3,1214,25.2,51,SK,1
111,-1.046417942,2.102663744,M,1,5/19/2021,4,633,20.3,71,AMR,1
110,-0.719061402,-0.091527296,M,1,5/19/2021,4,638,20.3,71,AMR,1
100,-1.8904265,2.0761589,M,1,5/19/2021,4,640,20.2,71,AMR,1
101,-0.230198335,-0.005603795,M,1,5/19/2021,4,645,20.2,71,AMR,1
102,-0.617682676,-0.170924144,M,1,5/19/2021,4,648,20.2,71,AMR,1
103,1.968030548,-0.328899603,M,1,5/19/2021,4,649,20.2,71,AMR,1
99,-0.383153455,-0.241482972,M,1,5/19/2021,4,655,20.2,71,AMR,1
104,0.836251746,-0.396466595,M,1,5/19/2021,4,656,20.2,71,AMR,1
88,0.419586992,-0.216450588,M,1,5/19/2021,4,679,19.7,72,AMR,2
87,-1.838641864,2.042329294,M,1,5/19/2021,4,682,19.9,72,AMR,2
86,-0.479250657,-0.557653254,M,1,5/19/2021,4,688,20.1,72,AMR,2
83,-0.440456684,1.128929915,M,1,5/19/2021,4,689,20.1,72,AMR,2
89,-0.446983818,-0.618238363,M,1,5/19/2021,4,695,20.3,72,AMR,2
85,-0.457739431,-0.598043327,M,1,5/19/2021,4,696,20.3,71,AMR,2
112,-1.903372659,2.084616302,M,1,5/19/2021,4,742,20.5,71,AMR,1
113,-1.877480341,2.067701499,M,1,5/19/2021,4,747,20.5,71,AMR,1
114,-0.296308954,-0.515499264,M,1,5/19/2021,4,752,20.5,71,AMR,1
115,0.103281998,0.773719045,M,1,5/19/2021,4,753,20.5,71,AMR,1
116,-0.295211405,-0.855658452,M,1,5/19/2021,4,759,20.5,71,AMR,1
117,0.697138665,-0.367789562,M,1,5/19/2021,4,760,20.5,71,AMR,1
105,-1.056866496,0.511043567,M,1,5/19/2021,4,796,20.8,71,AMR,1
106,-0.853016047,0.704146694,M,1,5/19/2021,4,799,20.8,71,AMR,1
107,-1.903372659,2.084616302,M,1,5/19/2021,4,802,20.8,71,AMR,1
108,-0.324893462,-0.625569286,M,1,5/19/2021,4,808,20.8,71,AMR,1
109,-0.94393256,0.298995683,M,1,5/19/2021,4,809,20.8,71,AMR,1
124,-1.352645852,1.066407072,M,1,5/19/2021,4,872,21.1,70,AMR,1
125,-0.918040242,0.28208088,M,1,5/19/2021,4,876,21.1,70,AMR,1
127,3.231332632,0.579440291,M,1,5/19/2021,4,878,21.2,70,AMR,1
126,0.34925902,0.613028414,M,1,5/19/2021,4,884,21.2,70,AMR,1
128,-0.661099363,-0.24791042,M,1,5/19/2021,4,890,21.3,70,AMR,1
129,-1.137533593,0.662506341,M,1,5/19/2021,4,891,21.3,70,AMR,1
118,1.427832197,0.241131081,M,1,5/19/2021,4,964,21.7,70,AMR,1
119,-0.551155569,-0.35923994,M,1,5/19/2021,4,968,21.7,70,AMR,1
120,-0.635009927,-0.185942013,M,1,5/19/2021,4,969,21.7,70,AMR,1
121,-1.215913862,1.211176362,M,1,5/19/2021,4,971,21.8,70,AMR,1
122,0.30089214,-0.580060452,M,1,5/19/2021,4,975,21.8,69,AMR,1
123,-0.43995504,1.244177105,M,1,5/19/2021,4,977,21.8,69,AMR,1
131,0.746417103,-0.02173194,M,1,5/19/2021,4,1104,23.6,65,AMR,1
133,-0.189151613,-0.183160039,M,1,5/19/2021,4,1110,23.4,65,AMR,1
135,8.703834493,5.094634917,M,1,5/19/2021,4,1115,23.4,66,AMR,1
136,2.312668107,0.867174156,M,1,5/19/2021,4,1121,23.4,66,AMR,1
147,2.058653662,-0.388101414,M,1,5/19/2021,4,1168,23.7,65,AMR,2
148,-0.241039105,-0.798867213,M,1,5/19/2021,4,1175,23.5,65,AMR,2
141,-1.786857228,2.008499687,M,1,5/19/2021,4,1133,27.2,54,SK,2
139,-0.275102254,-0.592253316,M,1,5/19/2021,4,1149,27.3,57,SK,2
138,4.237216465,2.002669789,M,1,5/19/2021,4,1150,27.3,57,SK,2
140,0.167826801,0.224559983,M,1,5/19/2021,4,1157,27.3,57,SK,2
142,2.449546652,-0.065587513,M,1,5/19/2021,4,1162,27.3,58,SK,2
145,-1.8904265,2.0761589,M,1,5/19/2021,4,1168,27.2,59,SK,1
146,-0.630628835,-0.162466743,M,1,5/19/2021,4,1174,27.3,59,SK,1
144,0.536424648,-0.420124899,M,1,5/19/2021,4,1177,27.3,59,SK,1
137,4.09129721,1.288970875,M,1,5/19/2021,4,1182,27.2,59,SK,1
132,3.074975436,0.45043473,M,1,5/19/2021,4,1188,27.2,59,SK,1
134,-0.356557822,-0.756323386,M,1,5/19/2021,4,1195,27.1,59,SK,1
130,-0.141754642,-0.504532084,M,1,5/19/2021,4,1197,27.1,59,SK,1
88,-1.243118546,1.653288817,M,2,5/20/2021,5,422,19.5,75,AMR,3
124,-1.829080083,1.976823834,M,2,5/20/2021,5,427,19.6,74,AMR,2
112,-1.599827833,1.609776124,M,2,5/20/2021,5,433,19.8,74,AMR,2
102,-0.052071911,0.875207865,M,2,5/20/2021,5,439,19.9,73,AMR,2
76,-0.51251421,-0.463495356,M,2,5/20/2021,5,448,19.9,73,AMR,3
129,-0.508330235,-0.518903297,M,2,5/20/2021,5,453,19.9,72,AMR,2
116,2.371368054,-0.130090293,M,2,5/20/2021,5,456,20,72,AMR,2
106,-1.514486243,1.946141443,M,2,5/20/2021,5,462,20,72,AMR,2
121,-0.243032533,-0.731721637,M,2,5/20/2021,5,468,20.1,72,AMR,2
108,-0.481046968,-0.411624467,M,2,5/20/2021,5,469,20.2,72,AMR,2
141,-1.864534182,2.059244097,M,2,5/20/2021,5,473,20.2,72,AMR,3
84,0.043359908,-0.286718785,M,2,5/20/2021,5,482,20.2,72,AMR,3
23,-0.358748368,-0.768061021,M,2,5/20/2021,5,487,20.2,72,AMR,3
103,2.058653662,-0.388101414,M,2,5/20/2021,5,489,20.2,72,AMR,2
127,-0.012293051,-0.589106101,M,2,5/20/2021,5,495,20.3,72,AMR,2
101,-0.247908696,-0.606376928,M,2,5/20/2021,5,532,20.4,71,AMR,2
133,0.348983319,-0.015246084,M,2,5/20/2021,5,535,20.4,71,AMR,2
147,0.012658884,0.832920857,M,2,5/20/2021,5,547,20.4,71,AMR,3
138,0.140565786,-0.738696535,M,2,5/20/2021,5,560,20.5,71,AMR,3
137,-0.149542364,0.270922275,M,2,5/20/2021,5,563,20.5,70,AMR,2
111,-1.851588023,2.050786695,M,2,5/20/2021,5,571,20.7,70,AMR,2
140,0.001739531,-0.509733848,M,2,5/20/2021,5,577,20.7,70,AMR,3
117,0.233746875,0.919639409,M,2,5/20/2021,5,597,21.1,70,AMR,2
146,-0.627441574,-0.184301896,M,2,5/20/2021,5,603,21.2,69,AMR,2
132,0.410616563,0.085704504,M,2,5/20/2021,5,605,21.4,69,AMR,2
130,-0.611505273,-0.293477662,M,2,5/20/2021,5,610,21.4,69,AMR,2
128,-0.484532181,-0.162086124,M,2,5/20/2021,5,611,21.4,69,AMR,2
118,-0.280975131,-0.433335819,M,2,5/20/2021,5,614,21.4,69,AMR,2
144,-0.040680441,-0.620292912,M,2,5/20/2021,5,620,21.5,69,AMR,2
136,1.773696161,0.183436368,M,2,5/20/2021,5,623,21.5,69,AMR,2
145,-0.361541393,-0.588459446,M,2,5/20/2021,5,628,21.5,69,AMR,2
131,1.786282677,-0.32574317,M,2,5/20/2021,5,630,21.5,69,AMR,2
134,-0.821239725,0.100325551,M,2,5/20/2021,5,678,21.4,67,AMR,2
119,1.980475064,-0.452604195,M,2,5/20/2021,5,681,21.4,67,AMR,2
125,-0.012597577,-0.62547008,M,2,5/20/2021,5,686,21.4,67,AMR,2
120,1.980475064,-0.452604195,M,2,5/20/2021,5,688,21.4,67,AMR,2
6,-0.872061025,1.3845489,M,2,5/20/2021,5,694,21.4,67,AMR,4
123,-0.403578257,-0.113263244,M,2,5/20/2021,5,880,23,65,AMR,2
104,4.09129721,1.288970875,M,2,5/20/2021,5,884,22.8,65,AMR,2
110,1.43437299,-0.087868677,M,2,5/20/2021,5,891,22.8,65,AMR,2
10,-0.314334967,-0.724647533,M,2,5/20/2021,5,897,22.8,65,AMR,4
122,0.450176054,-0.601514986,M,2,5/20/2021,5,907,22.8,65,AMR,2
115,-0.210568577,-0.713423535,M,2,5/20/2021,5,911,22.8,65,AMR,2
99,-0.175833471,0.822126668,M,2,5/20/2021,5,915,22.8,65,AMR,2
100,-0.216835689,-0.712272461,M,2,5/20/2021,5,920,22.8,65,AMR,2
26,-0.273503061,-0.817165314,M,2,5/20/2021,5,535,18.2,65,SK,3
109,0.212978915,-0.55779549,M,2,5/20/2021,5,538,18.2,65,SK,2
107,-0.602940206,-0.325410333,M,2,5/20/2021,5,540,18.3,65,SK,2
79,0.828266906,0.300104553,M,2,5/20/2021,5,543,18.4,66,SK,3
71,-0.663092791,-0.180764844,M,2,5/20/2021,5,549,18.5,66,SK,3
135,0.698805315,0.384678569,M,2,5/21/2021,6,436,20.4,70,AMR,3
114,-1.12598951,0.957844149,M,2,5/21/2021,6,442,20.8,69,AMR,3
110,1.499211194,-0.172674917,M,3,5/21/2021,6,473,21.1,68,AMR,3
127,0.123442225,-0.410764023,M,3,5/21/2021,6,481,21.1,68,AMR,3
123,-0.663892388,-0.068308845,M,3,5/21/2021,6,489,21.1,67,AMR,3
129,-1.8904265,2.0761589,M,3,5/21/2021,6,492,21.2,67,AMR,3
132,1.06091466,-0.437883943,M,3,5/21/2021,6,497,21.3,67,AMR,3
104,0.085381092,0.358129869,M,3,5/21/2021,6,503,21.3,67,AMR,3
108,-0.456742717,-0.631616115,M,3,5/21/2021,6,511,21.4,67,AMR,3
115,-0.55674162,-3.68E-05,M,3,5/21/2021,6,512,21.4,67,AMR,3
102,-0.497191513,0.046656932,M,3,5/21/2021,6,521,21.4,67,AMR,3
134,-0.891151209,0.231593289,M,3,5/21/2021,6,524,21.4,67,AMR,3
125,0.183290284,-0.591773492,M,3,5/21/2021,6,526,21.4,66,AMR,3
101,-0.417707122,-0.578105109,M,3,5/21/2021,6,528,21.4,66,AMR,3
109,2.786234769,1.499214045,M,3,5/21/2021,6,551,21.5,66,AMR,3
145,-0.207184199,-0.656375477,M,3,5/21/2021,6,556,21.5,66,AMR,3
146,-0.739378796,-0.0058268,M,3,5/21/2021,6,557,21.5,66,AMR,3
107,0.004837082,-0.652971444,M,3,5/21/2021,6,559,21.5,66,AMR,3
124,-1.8904265,2.0761589,M,3,5/21/2021,6,560,21.5,66,AMR,3
120,0.713256405,0.721962738,M,3,5/21/2021,6,567,21.5,66,AMR,3
126,-0.133386693,-0.615347967,M,2,5/21/2021,6,581,21.8,65,AMR,3
99,-0.30686745,-0.416421016,M,3,5/21/2021,6,584,21.8,65,AMR,3
116,0.645651981,-0.561663145,M,3,5/21/2021,6,586,21.8,65,AMR,3
122,0.776898757,-0.364277105,M,3,5/21/2021,6,597,21.9,65,AMR,3
79,-0.34620757,-0.506296001,M,3,5/21/2021,6,603,22,64,AMR,4
100,-0.406151912,-0.710756145,M,3,5/21/2021,6,606,22.1,64,AMR,3
112,-0.842750951,0.140715624,M,3,5/21/2021,6,607,22.1,64,AMR,3
144,0.092965124,-0.76027487,M,3,5/21/2021,6,634,22.2,63,AMR,3
118,-0.318124706,-0.51147317,M,3,5/21/2021,6,641,22.1,63,AMR,3
119,-0.327478244,-0.795073343,M,3,5/21/2021,6,645,22.2,63,AMR,3
103,2.371368054,-0.130090293,M,3,5/21/2021,6,651,22.2,62,AMR,3
106,-0.057208096,-0.747766779,M,3,5/21/2021,6,657,22.2,62,AMR,3
121,-1.903372659,2.084616302,M,3,5/21/2021,6,664,22.2,62,AMR,3
130,-0.545383528,-0.211571036,M,3,5/21/2021,6,673,22.2,62,AMR,3
10,-0.403764248,-0.620135299,M,3,5/21/2021,6,676,22.2,62,AMR,5
137,-1.163435018,2.063533169,M,3,5/21/2021,6,678,22.2,62,AMR,3
133,4.247654406,1.417976436,M,3,5/21/2021,6,683,22.3,62,AMR,3
111,-0.994326247,0.457018924,M,3,5/21/2021,6,778,22.5,63,AMR,3
128,-0.353173444,-0.699275328,M,3,5/21/2021,6,782,22.5,63,AMR,3
136,5.733047769,2.643529263,M,3,5/21/2021,6,783,22.5,63,AMR,3
126,0.781799192,-0.38947632,M,3,5/25/2021,10,571,25.1,59,AMR,7
145,0.074641158,-0.74171995,M,4,5/25/2021,10,574,24.9,58,AMR,7
134,-0.346601806,-0.664062424,M,4,5/25/2021,10,580,24.6,58,AMR,7
102,0.187169733,-0.683545412,M,4,5/25/2021,10,582,24.6,58,AMR,7
122,0.160771218,-0.089821787,M,4,5/25/2021,10,585,24.5,58,AMR,7
109,-0.192244611,-0.731978455,M,4,5/25/2021,10,589,24.5,58,AMR,7
110,0.242535865,-0.58144375,M,4,5/25/2021,10,590,24.5,58,AMR,7
120,-0.637211599,0.230309196,M,4,5/25/2021,10,594,24.5,58,AMR,7
112,-1.670341796,1.932383072,M,4,5/25/2021,10,603,24.7,58,AMR,7
116,2.447334658,0.793764904,M,4,5/25/2021,10,609,24.7,58,AMR,7
119,1.336974548,-0.40683015,M,4,5/25/2021,10,614,24.8,58,AMR,7
128,0.440334019,-0.472228012,M,4,5/25/2021,10,630,24.9,58,AMR,7
136,-0.209070219,-0.631749133,M,4,5/25/2021,10,635,24.9,58,AMR,7
130,0.010214889,-0.663068962,M,4,5/25/2021,10,636,24.9,58,AMR,7
103,1.716807399,-0.100485191,M,4,5/25/2021,10,638,24.9,58,AMR,7
101,-0.069348086,-0.587698208,M,4,5/25/2021,10,642,24.9,58,AMR,7
121,-0.834185884,0.108782953,M,4,5/25/2021,10,672,24.8,59,AMR,7
135,0.637886511,-0.642186473,M,3,5/25/2021,10,683,24.5,59,AMR,7
115,-0.246416911,-0.788769695,M,4,5/25/2021,10,688,24.5,59,AMR,7
133,5.654869171,2.579026483,M,4,5/25/2021,10,690,24.6,59,AMR,7
104,0.520017547,-0.061983661,M,4,5/25/2021,10,699,24.8,59,AMR,7
129,-0.946123106,0.287258048,M,4,5/25/2021,10,702,24.9,58,AMR,7
127,0.724636749,-0.345549195,M,4,5/25/2021,10,706,24.9,58,AMR,7
111,-0.236257204,-0.353558352,M,4,5/25/2021,10,710,25,58,AMR,7
137,0.354784186,-0.459487698,M,4,5/25/2021,10,714,25.1,57,AMR,7
99,-0.28644922,-0.808707913,M,4,5/25/2021,10,717,25.1,57,AMR,7
107,-0.325287697,-0.783335708,M,4,5/25/2021,10,718,25.1,57,AMR,7
146,-0.222511449,-0.474471753,M,4,5/25/2021,10,722,25.1,57,AMR,7
125,-0.372691241,-0.726030831,M,4,5/25/2021,10,724,25.2,57,AMR,7
536,-1.825695705,2.033871892,M,1,5/27/2021,12,573,21.9,74,AMR,4
548,-0.489909988,-0.151988606,M,1,5/27/2021,12,579,22,73,AMR,3
559,2.293189456,-0.194593073,M,1,5/27/2021,12,581,22.1,72,AMR,3
594,-0.160472843,-0.643743587,M,1,5/27/2021,12,587,22.3,72,AMR,2
579,-0.764110661,1.340364956,M,1,5/27/2021,12,590,22.4,72,AMR,2
567,-0.226899114,-0.762014192,M,1,5/27/2021,12,600,22.5,72,AMR,2
507,-0.426005594,1.466214084,M,1,5/27/2021,12,602,22.5,72,AMR,4
590,-0.441606011,-0.628335882,M,1,5/27/2021,12,608,22.6,70,AMR,2
591,1.967528904,-0.444146793,M,1,5/27/2021,12,613,22.7,70,AMR,2
538,0.013402149,-0.684904115,M,1,5/27/2021,12,621,22.8,70,AMR,4
553,2.313436859,0.390505494,M,1,5/27/2021,12,623,22.8,70,AMR,3
571,0.435129058,-0.483392776,M,1,5/27/2021,12,628,22.8,70,AMR,2
588,-0.682818832,0.141585285,M,1,5/27/2021,12,631,22.8,70,AMR,2
537,-0.373490838,-0.613574832,M,1,5/27/2021,12,635,22.8,70,AMR,4
510,-0.586609669,-0.276819677,M,1,5/27/2021,12,638,22.8,70,AMR,4
570,-0.564298846,-0.429665749,M,1,5/27/2021,12,643,22.8,70,AMR,2
610,-0.544583931,-0.324027035,M,1,5/27/2021,12,644,22.8,70,AMR,4
533,-0.209177627,-0.589229901,M,1,5/27/2021,12,663,23,70,AMR,4
541,0.948769194,0.089696785,M,1,5/27/2021,12,665,23.1,70,AMR,4
563,-0.330665504,-0.773238189,M,1,5/27/2021,12,670,23.1,70,AMR,2
526,1.980475064,-0.452604195,M,1,5/27/2021,12,671,23.2,69,AMR,4
572,0.310256803,-0.724449122,M,1,5/27/2021,12,677,23.2,69,AMR,2
554,2.309605954,0.682568402,M,1,5/27/2021,12,680,23.2,69,AMR,3
517,-0.348893187,-0.369213658,M,1,5/27/2021,12,684,23.2,69,AMR,4
504,0.171949891,-0.54416092,M,1,5/27/2021,12,687,23.2,69,AMR,4
513,-0.333053168,-0.863859035,M,1,5/27/2021,12,688,23.2,69,AMR,4
525,-0.136771071,-0.672396025,M,1,5/27/2021,12,690,23.2,69,AMR,4
562,-0.453358339,-0.574568057,M,1,5/27/2021,12,692,23.2,69,AMR,2
514,-0.357756207,-0.109577797,M,1,5/27/2021,12,693,23.2,69,AMR,4
519,-0.067175239,-0.412038898,M,1,5/27/2021,12,741,22.8,70,AMR,4
573,0.111600188,-0.478398642,M,1,5/27/2021,12,744,22.8,70,AMR,2
543,-0.678634858,0.086177344,M,1,5/27/2021,12,746,22.9,70,AMR,4
578,-0.381453426,-0.772981371,M,1,5/27/2021,12,749,23,70,AMR,2
500,-0.443019213,0.103448171,M,1,5/27/2021,12,749,23.1,70,AMR,4
512,-0.173723528,-0.671650164,M,1,5/27/2021,12,761,23.2,70,AMR,4
577,-1.527934046,1.839351654,M,1,5/27/2021,12,762,23.2,70,AMR,2
586,-0.586806786,-0.355702888,M,1,5/27/2021,12,768,23.4,70,AMR,2
583,-0.499173816,-0.314186336,M,1,5/27/2021,12,769,23.4,70,AMR,2
515,0.22811562,-0.554515256,M,1,5/27/2021,12,772,23.4,70,AMR,4
650,0.717267534,0.68781708,M,1,5/27/2021,12,782,23.5,69,AMR,4
542,-0.2772928,-0.603990951,M,1,5/27/2021,12,787,23.5,69,AMR,4
565,-0.36103975,-0.473212255,M,1,5/27/2021,12,788,23.5,69,AMR,2
555,-0.354367276,-0.744585751,M,1,5/27/2021,12,790,23.5,69,AMR,3
575,1.310473178,-0.462643305,M,1,5/27/2021,12,791,23.5,69,AMR,2
544,0.031338452,-0.597158289,M,1,5/27/2021,12,796,23.6,69,AMR,4
522,0.569771338,-0.656947522,M,1,5/27/2021,12,798,23.6,69,AMR,4
506,-0.070953852,-0.626853378,M,1,5/27/2021,12,831,23.9,69,AMR,4
569,-0.337839621,-0.617111884,M,1,5/27/2021,12,833,23.9,69,AMR,2
580,-1.398472455,1.754777637,M,1,5/27/2021,12,838,23.9,69,AMR,2
534,-0.31353537,-0.837103532,M,1,5/27/2021,12,852,23.9,69,AMR,4
535,0.77531069,-0.567353951,M,1,5/27/2021,12,854,23.9,69,AMR,4
556,-0.427663138,-0.670366071,M,1,5/27/2021,12,858,23.9,69,AMR,3
511,-1.903372659,2.084616302,M,1,5/27/2021,12,859,23.9,69,AMR,4
520,2.371368054,-0.130090293,M,1,5/27/2021,12,864,23.9,69,AMR,4
673,-0.318422659,-0.28376998,M,1,5/27/2021,12,870,23.9,69,AMR,3
521,-0.023245782,-0.647794275,M,1,5/27/2021,12,872,24,69,AMR,4
587,5.576690573,2.514523702,M,1,5/27/2021,12,874,24,69,AMR,2
539,7.609334121,4.191595992,M,1,5/27/2021,12,902,24,68,AMR,4
502,-0.239659281,-0.246684735,M,1,5/27/2021,12,917,24.2,68,AMR,4
501,-0.087295515,-0.247455191,M,1,5/27/2021,12,919,24.2,68,AMR,4
574,-0.188752825,-0.717449629,M,1,5/27/2021,12,923,24.2,68,AMR,2
518,-0.291849279,0.057367292,M,1,5/27/2021,12,928,24.2,67,AMR,4
531,-0.769652207,-0.012387267,M,1,5/27/2021,12,931,24.3,67,AMR,4
566,2.996796838,0.38593195,M,1,5/27/2021,12,933,24.3,67,AMR,2
564,-0.881589428,0.166087829,M,1,5/27/2021,12,939,24.3,67,AMR,2
508,-0.180682829,-0.600562322,M,1,5/27/2021,12,941,24.3,67,AMR,4
582,0.22639132,-0.123162352,M,1,5/27/2021,12,942,24.3,67,AMR,2
527,1.370829454,-0.264338415,M,1,5/27/2021,12,984,24.5,66,AMR,4
540,0.527662464,-0.467075438,M,1,5/27/2021,12,991,24.5,66,AMR,4
546,-0.146529969,-0.685773776,M,1,5/27/2021,12,993,24.5,66,AMR,3
576,-0.206384602,-0.768831477,M,1,5/27/2021,12,994,24.5,66,AMR,2
524,-0.129704362,-0.786003098,M,1,5/27/2021,12,995,24.5,66,AMR,4
592,0.248529296,-0.254746141,M,1,5/27/2021,12,997,24.5,66,AMR,2
630,0.660203906,-0.530965376,M,1,5/27/2021,12,1001,24.5,66,AMR,4
600,0.404378276,-0.505054939,M,1,5/27/2021,12,1004,24.5,66,AMR,2
593,0.163665079,-0.576009763,M,1,5/27/2021,12,1006,24.5,66,AMR,2
540,-0.124022029,-0.759736638,M,2,5/28/2021,13,945,22.9,68,AMR,5
501,-0.265934709,-0.815525198,M,2,5/28/2021,13,946,22.9,67,AMR,5
593,-0.192441729,-0.810861666,M,2,5/28/2021,13,948,22.9,67,AMR,3
582,0.047949244,-0.612349147,M,2,5/28/2021,13,949,22.9,67,AMR,3
508,2.383791122,0.617295166,M,2,5/28/2021,13,951,22.8,67,AMR,5
566,-0.080909868,-0.719114341,M,2,5/28/2021,13,955,22.8,67,AMR,3
527,0.227004925,-0.742490405,M,2,5/28/2021,13,957,22.7,67,AMR,5
531,-0.35536399,-0.711012963,M,2,5/28/2021,13,960,22.7,67,AMR,5
546,0.843183027,0.139468445,M,2,5/28/2021,13,962,22.6,67,AMR,4
576,-0.222715139,-0.817422133,M,2,5/28/2021,13,966,22.6,67,AMR,3
630,-0.064471923,-0.713042916,M,2,5/28/2021,13,967,22.6,67,AMR,5
574,1.508641295,-0.295806639,M,2,5/28/2021,13,970,22.6,67,AMR,3
524,0.129613055,-0.797384709,M,2,5/28/2021,13,975,22.5,69,AMR,5
502,-0.310150992,-0.780055474,M,2,5/28/2021,13,977,22.5,69,AMR,5
518,-0.574682476,0.604273396,M,2,5/28/2021,13,978,22.5,69,AMR,5
564,-0.556730494,-0.428025633,M,2,5/28/2021,13,982,22.5,69,AMR,3
592,-0.267724446,-0.405429242,M,2,5/28/2021,13,984,22.5,69,AMR,3
579,-0.376480981,-0.512856468,M,2,5/28/2021,13,1021,21.8,69,AMR,3
537,-0.20070227,-0.742565016,M,2,5/28/2021,13,1022,21.8,68,AMR,5
594,0.197233158,-0.633803681,M,2,5/28/2021,13,1025,21.8,68,AMR,3
572,0.442112631,-0.454335124,M,2,5/28/2021,13,1027,21.8,68,AMR,3
591,-0.352373847,-0.811731327,M,2,5/28/2021,13,1030,21.8,68,AMR,3
541,-0.065468637,-0.679470128,M,2,5/28/2021,13,1031,21.8,68,AMR,5
571,-0.033506324,-0.776419217,M,2,5/28/2021,13,1032,21.8,68,AMR,3
536,-1.635281932,1.692196387,M,2,5/28/2021,13,1034,21.8,68,AMR,5
548,-0.28644922,-0.808707913,M,2,5/28/2021,13,1039,21.8,67,AMR,4
533,-0.056813861,-0.590000357,M,2,5/28/2021,13,1040,21.8,67,AMR,5
514,-0.370697813,-0.793176407,M,2,5/28/2021,13,1042,21.8,67,AMR,5
525,-0.423884525,-0.455551591,M,2,5/28/2021,13,1043,21.8,67,AMR,5
588,0.491509603,-0.578785577,M,2,5/28/2021,13,1044,21.8,67,AMR,3
517,-0.221335316,-0.265239655,M,2,5/28/2021,13,1047,21.8,67,AMR,5
554,-1.903372659,2.084616302,M,2,5/28/2021,13,1058,21.8,67,AMR,4
507,0.898594877,-0.52937445,M,2,5/28/2021,13,1064,21.8,66,AMR,5
553,1.451641377,0.169959411,M,2,5/28/2021,13,1072,21.7,66,AMR,4
567,-0.285058271,-0.684514279,M,2,5/28/2021,13,1077,21.7,66,AMR,3
510,-0.571472964,-0.273539444,M,2,5/28/2021,13,1079,21.6,65,AMR,5
504,-0.361738511,-0.667342657,M,2,5/28/2021,13,1081,21.6,65,AMR,5
570,-0.354170158,-0.66570254,M,2,5/28/2021,13,1082,21.6,65,AMR,3
563,-0.477358064,-0.318212429,M,2,5/28/2021,13,1084,21.5,65,AMR,3
559,-0.109595211,-0.522597962,M,2,5/28/2021,13,1086,21.5,65,AMR,4
500,0.191134338,0.038141122,M,2,5/28/2021,13,1129,20.5,64,AMR,5
650,-0.309756757,-0.622289052,M,2,5/28/2021,13,1133,20.5,64,AMR,5
673,-0.314532084,-0.803530744,M,2,5/28/2021,13,1134,20.5,64,AMR,4
586,-1.903372659,2.084616302,M,2,5/28/2021,13,1135,20.5,64,AMR,3
520,0.364429103,-0.667657883,M,2,5/28/2021,13,1141,20.5,64,AMR,5
583,1.980475064,-0.452604195,M,2,5/28/2021,13,1144,20.5,63,AMR,3
580,-1.516378837,1.706700618,M,2,5/28/2021,13,1151,20.5,63,AMR,3
569,-1.825695705,2.033871892,M,2,5/28/2021,13,1157,20.5,62,AMR,3
544,-0.386634115,-0.684000642,M,2,5/28/2021,13,1162,20.5,62,AMR,5
555,-0.205882958,-0.653584286,M,2,5/28/2021,13,1164,20.4,62,AMR,4
506,-0.14832628,-0.539744989,M,2,5/28/2021,13,1168,20.4,62,AMR,5
575,1.980475064,-0.452604195,M,2,5/28/2021,13,1169,20.4,62,AMR,3
512,0.933751024,-0.384091523,M,2,5/28/2021,13,1176,20.4,62,AMR,5
534,-0.265934709,-0.815525198,M,2,5/28/2021,13,1180,20.3,61,AMR,5
565,-0.412329315,-0.588202627,M,2,5/28/2021,13,1182,20.3,61,AMR,3
577,0.04237432,-0.68113484,M,2,5/28/2021,13,1183,20.2,61,AMR,3
578,-1.903372659,2.084616302,M,2,5/28/2021,13,1185,20.2,61,AMR,3
535,0.401274152,-0.625884512,M,2,5/28/2021,13,1191,20.2,61,AMR,5
522,-0.414423579,-0.21447065,M,2,5/28/2021,13,1195,20.2,61,AMR,5
542,-0.773836181,0.043020675,M,2,5/28/2021,13,1197,20.1,61,AMR,5
556,-0.499568051,-0.471952758,M,2,5/28/2021,13,1204,20.1,61,AMR,4
587,-0.672457455,-0.036376174,M,2,5/28/2021,13,1205,20.1,60,AMR,3
546,-0.53183489,-0.411367648,M,3,6/2/2021,18,1018,20.2,76,AMR,9
99,1.037911649,-0.215101103,M,5,6/2/2021,18,1020,20.3,75,AMR,15
137,0.110901427,-0.672529043,M,5,6/2/2021,18,1025,20.4,75,AMR,15
107,-0.243032533,-0.731721637,M,5,6/2/2021,18,1035,20.5,75,AMR,15
593,-1.449755448,1.903854434,M,3,6/2/2021,18,1038,20.5,75,AMR,8
522,-0.194632275,-0.822599301,M,3,6/2/2021,18,1043,20.6,74,AMR,10
594,-0.109398094,-0.443714751,M,3,6/2/2021,18,1044,20.7,74,AMR,8
146,1.980475064,-0.452604195,M,5,6/2/2021,18,1046,20.6,74,AMR,15
572,-0.223823815,-0.049274101,M,3,6/2/2021,18,1051,20.7,74,AMR,8
520,-0.268125255,-0.827262833,M,3,6/2/2021,18,1057,20.6,74,AMR,10
576,-0.245420197,-0.822342483,M,3,6/2/2021,18,1058,20.6,74,AMR,8
570,0.478258918,-0.606692155,M,3,6/2/2021,18,1059,20.6,74,AMR,8
540,-0.232474038,-0.830799884,M,3,6/2/2021,18,1061,20.6,74,AMR,10
501,-0.284258674,-0.796970278,M,3,6/2/2021,18,1062,20.6,74,AMR,10
574,1.070476441,-0.503389402,M,3,6/2/2021,18,1064,20.6,74,AMR,8
630,-0.094745333,-0.719603383,M,3,6/2/2021,18,1068,20.6,74,AMR,10
128,-0.198511723,-0.730827381,M,5,6/2/2021,18,1069,20.6,74,AMR,15
506,-0.141456689,-0.732235274,M,3,6/2/2021,18,1070,20.6,74,AMR,10
673,-1.009265834,0.532621902,M,3,6/2/2021,18,1071,20.6,74,AMR,9
533,-0.336887411,1.061270702,M,3,6/2/2021,18,1074,20.6,74,AMR,10
559,0.09515567,-0.748537235,M,3,6/2/2021,18,1080,20.5,74,AMR,9
500,-0.311344824,-0.825365897,M,3,6/2/2021,18,1086,20.5,74,AMR,10
575,-0.35078578,-0.608654482,M,3,6/2/2021,18,1086,20.5,74,AMR,8
115,-0.25617581,-0.802147446,M,5,6/2/2021,18,1087,20.5,74,AMR,15
507,0.975472235,-0.467662861,M,3,6/2/2021,18,1088,20.5,74,AMR,10
508,-0.364424128,-0.530260313,M,3,6/2/2021,18,1092,20.5,74,AMR,10
580,-0.02256472,-0.289742199,M,3,6/2/2021,18,1093,20.5,74,AMR,8
135,1.980475064,-0.452604195,M,4,6/2/2021,18,1096,20.5,74,AMR,15
502,-0.678032379,-0.105161866,M,3,6/2/2021,18,1102,20.5,75,AMR,10
